case_id,source,source_url,publication_date,candidate_title,expected_signal,expected_keyword_or_pattern,selection_basis
REV45-CONTRAST-001,Hacker News,https://news.ycombinator.com/item?id=49848424,2026-09-25T18:50:20Z,"Microsoft disrupts AI-assisted platform that compromised 12,000 accounts",Security incident,security|compromised accounts,Returned by Hacker News Algolia search_by_date with query=security inside the selected REV45 window.
REV45-CONTRAST-002,Hacker News,https://news.ycombinator.com/item?id=49850829,2026-09-25T22:32:00Z,There's a new way to break RSA that's faster than anything we've seen before,Cryptographic attack,security|RSA|attack,Returned by Hacker News Algolia search_by_date with query=security inside the selected REV45 window.
REV45-CONTRAST-003,Hacker News,https://news.ycombinator.com/item?id=49855344,2026-09-26T11:01:31Z,Uncle's frozen Mac says it's infected after viewing a Google ad. Now what?,Scareware / malicious advertising,security|infected|Google ad,Returned by Hacker News Algolia search_by_date with query=security inside the selected REV45 window.
REV45-CONTRAST-004,Hacker News,https://news.ycombinator.com/item?id=49856964,2026-09-26T14:32:46Z,Novel attack slashes computing power needed to crack textbook RSA cryptography,Cryptographic attack,security|attack|RSA,Returned by Hacker News Algolia search_by_date with query=security inside the selected REV45 window.
REV45-CONTRAST-005,Hacker News,https://news.ycombinator.com/item?id=49858854,2026-09-26T17:48:55Z,"Six Bazel patches from an AI software factory, plus a remote-cache security bug",Security bug,security|bug|remote-cache,Returned by Hacker News Algolia search_by_date with query=security inside the selected REV45 window.
REV45-CONTRAST-006,Hacker News,https://news.ycombinator.com/item?id=49859087,2026-09-26T18:18:58Z,There's a new way to break RSA that's faster than anything we've seen before,Cryptographic attack,security|RSA|attack,Returned by Hacker News Algolia search_by_date with query=security inside the selected REV45 window.
REV45-CONTRAST-007,Hacker News,https://news.ycombinator.com/item?id=49860383,2026-09-26T20:46:14Z,It's Time We Talked About AI and Software Security,Software security discussion,security|software security,Returned by Hacker News Algolia search_by_date with query=security inside the selected REV45 window.
REV45-CONTRAST-008,Hacker News,https://news.ycombinator.com/item?id=49861517,2026-09-26T23:15:28Z,Top AI companies probing security incidents,Security incident,security|incident,Returned by Hacker News Algolia search_by_date with query=security inside the selected REV45 window.
REV45-CONTRAST-009,Hacker News,https://news.ycombinator.com/item?id=49867267,2026-09-27T15:05:42Z,"Luarocks.org Security Incident, September 2026",Security incident,security|incident,Returned by Hacker News Algolia search_by_date with query=security inside the selected REV45 window.
REV45-CONTRAST-010,Hacker News,https://news.ycombinator.com/item?id=49868561,2026-09-27T17:07:08Z,Flock seeks to have security researchers' map of Flock cameras taken down,Unauthenticated exposure / security research,security|unauthenticated flaw,Returned by Hacker News Algolia search_by_date with query=security inside the selected REV45 window.
REV45-CONTRAST-011,Hacker News,https://news.ycombinator.com/item?id=49870848,2026-09-27T21:07:08Z,Cloudflare fixes Containers cross-tenant flaw exposing customer data,Cross-tenant vulnerability,security|flaw|customer data,Returned by Hacker News Algolia search_by_date with query=security inside the selected REV45 window.
REV45-CONTRAST-012,Hacker News,https://news.ycombinator.com/item?id=49873005,2026-09-28T02:50:05Z,Debian 11 bullseye-security repos have gone missing after botched EOL process,Security repository availability,security|repository|availability,Returned by Hacker News Algolia search_by_date with query=security inside the selected REV45 window.
REV45-CONTRAST-013,Hacker News,https://news.ycombinator.com/item?id=49874737,2026-09-28T07:34:43Z,I found an SSRF in Google's official MCP Toolbox (CVE-2026-14540),SSRF vulnerability,security|SSRF|CVE,Returned by Hacker News Algolia search_by_date with query=security inside the selected REV45 window.
REV45-CONTRAST-014,Hacker News,https://news.ycombinator.com/item?id=49875297,2026-09-28T08:54:26Z,The Risks of Ignoring API Security During Mobile App Security Testing,API security risk,security|API security,Returned by Hacker News Algolia search_by_date with query=security inside the selected REV45 window.
REV45-CONTRAST-015,Hacker News,https://news.ycombinator.com/item?id=49876188,2026-09-28T11:07:35Z,Kubernetes Security Best Practices,Security hardening guidance,security|Kubernetes,Returned by Hacker News Algolia search_by_date with query=security inside the selected REV45 window.
REV45-CONTRAST-016,Hacker News,https://news.ycombinator.com/item?id=49878479,2026-09-28T14:23:14Z,Analyzing the ClickFix social engineering technique (2025),Social engineering technique,security|social engineering,Returned by Hacker News Algolia search_by_date with query=security inside the selected REV45 window.
REV45-CONTRAST-017,Hacker News,https://news.ycombinator.com/item?id=49878918,2026-09-28T14:49:46Z,Containers Are No Longer a Security Boundary,Container security risk,security|container boundary,Returned by Hacker News Algolia search_by_date with query=security inside the selected REV45 window.
REV45-CONTRAST-018,Hacker News,https://news.ycombinator.com/item?id=49879880,2026-09-28T15:46:13Z,Citrix confirms two NetScaler RCE zero-days exploited in attacks,Remote Code Execution,security|RCE|zero-days,Returned by Hacker News Algolia search_by_date with query=security inside the selected REV45 window.
REV45-CONTRAST-019,Hacker News,https://news.ycombinator.com/item?id=49886609,2026-09-29T00:55:47Z,We found 24 Android vulnerabilities using our open source AI security agent,Vulnerabilities,security|vulnerabilities,Returned by Hacker News Algolia search_by_date with query=security inside the selected REV45 window.
REV45-CONTRAST-020,Hacker News,https://news.ycombinator.com/item?id=49891411,2026-09-29T11:26:42Z,Linux Security Update,Security update,security|Linux security update,Returned by Hacker News Algolia search_by_date with query=security inside the selected REV45 window.
