case_id,source,source_url,source_external_id,publication_date,rev46_window_start,rev46_window_end,eligible_in_rev46_window,expected_signal,expected_keyword_or_pattern,should_be_detected_by_nsg,captured_in_full_population,detected_by_nsg,alerted_by_nsg,mention_id,detection_id,criticality_level,alert_ids,match_status,population_file,reviewer_observation
REV46-CONTRAST-001,Hacker News,https://news.ycombinator.com/item?id=49848424,49848424,2026-09-25T18:50:20Z,2026-09-25T18:48:00Z,2026-09-29T19:31:05.363840Z,si,Security incident,security|compromised accounts,si,si,si,no,151,151,medium,,capturado_detectado_no_alertado,audit/08_campaign_reconciliation/poblacion_campana_REV46.csv,"Exact Hacker News external_id found in frozen REV46 population; associated detection exists but no alert was persisted, consistent with non-alertable criticality."
REV46-CONTRAST-002,Hacker News,https://news.ycombinator.com/item?id=49850829,49850829,2026-09-25T22:32:00Z,2026-09-25T18:48:00Z,2026-09-29T19:31:05.363840Z,si,Cryptographic attack,security|RSA|attack,si,si,si,no,261,261,low,,capturado_detectado_no_alertado,audit/08_campaign_reconciliation/poblacion_campana_REV46.csv,"Exact Hacker News external_id found in frozen REV46 population; associated detection exists but no alert was persisted, consistent with non-alertable criticality."
REV46-CONTRAST-003,Hacker News,https://news.ycombinator.com/item?id=49855344,49855344,2026-09-26T11:01:31Z,2026-09-25T18:48:00Z,2026-09-29T19:31:05.363840Z,si,Scareware / malicious advertising,security|infected|Google ad,si,si,si,no,258,258,medium,,capturado_detectado_no_alertado,audit/08_campaign_reconciliation/poblacion_campana_REV46.csv,"Exact Hacker News external_id found in frozen REV46 population; associated detection exists but no alert was persisted, consistent with non-alertable criticality."
REV46-CONTRAST-004,Hacker News,https://news.ycombinator.com/item?id=49856964,49856964,2026-09-26T14:32:46Z,2026-09-25T18:48:00Z,2026-09-29T19:31:05.363840Z,si,Cryptographic attack,security|attack|RSA,si,si,si,no,255,255,medium,,capturado_detectado_no_alertado,audit/08_campaign_reconciliation/poblacion_campana_REV46.csv,"Exact Hacker News external_id found in frozen REV46 population; associated detection exists but no alert was persisted, consistent with non-alertable criticality."
REV46-CONTRAST-005,Hacker News,https://news.ycombinator.com/item?id=49858854,49858854,2026-09-26T17:48:55Z,2026-09-25T18:48:00Z,2026-09-29T19:31:05.363840Z,si,Security bug,security|bug|remote-cache,si,si,si,no,253,253,low,,capturado_detectado_no_alertado,audit/08_campaign_reconciliation/poblacion_campana_REV46.csv,"Exact Hacker News external_id found in frozen REV46 population; associated detection exists but no alert was persisted, consistent with non-alertable criticality."
REV46-CONTRAST-006,Hacker News,https://news.ycombinator.com/item?id=49859087,49859087,2026-09-26T18:18:58Z,2026-09-25T18:48:00Z,2026-09-29T19:31:05.363840Z,si,Cryptographic attack,security|RSA|attack,si,si,si,no,252,252,low,,capturado_detectado_no_alertado,audit/08_campaign_reconciliation/poblacion_campana_REV46.csv,"Exact Hacker News external_id found in frozen REV46 population; associated detection exists but no alert was persisted, consistent with non-alertable criticality."
REV46-CONTRAST-007,Hacker News,https://news.ycombinator.com/item?id=49860383,49860383,2026-09-26T20:46:14Z,2026-09-25T18:48:00Z,2026-09-29T19:31:05.363840Z,si,Software security discussion,security|software security,parcial,si,si,no,249,249,low,,capturado_detectado_no_alertado,audit/08_campaign_reconciliation/poblacion_campana_REV46.csv,"Exact Hacker News external_id found in frozen REV46 population; associated detection exists but no alert was persisted, consistent with non-alertable criticality."
REV46-CONTRAST-008,Hacker News,https://news.ycombinator.com/item?id=49861517,49861517,2026-09-26T23:15:28Z,2026-09-25T18:48:00Z,2026-09-29T19:31:05.363840Z,si,Security incident,security|incident,si,si,si,no,247,247,medium,,capturado_detectado_no_alertado,audit/08_campaign_reconciliation/poblacion_campana_REV46.csv,"Exact Hacker News external_id found in frozen REV46 population; associated detection exists but no alert was persisted, consistent with non-alertable criticality."
REV46-CONTRAST-009,Hacker News,https://news.ycombinator.com/item?id=49867267,49867267,2026-09-27T15:05:42Z,2026-09-25T18:48:00Z,2026-09-29T19:31:05.363840Z,si,Security incident,security|incident,si,si,si,no,727,727,medium,,capturado_detectado_no_alertado,audit/08_campaign_reconciliation/poblacion_campana_REV46.csv,"Exact Hacker News external_id found in frozen REV46 population; associated detection exists but no alert was persisted, consistent with non-alertable criticality."
REV46-CONTRAST-010,Hacker News,https://news.ycombinator.com/item?id=49868561,49868561,2026-09-27T17:07:08Z,2026-09-25T18:48:00Z,2026-09-29T19:31:05.363840Z,si,Unauthenticated exposure / security research,security|unauthenticated flaw,si,si,si,no,726,726,low,,capturado_detectado_no_alertado,audit/08_campaign_reconciliation/poblacion_campana_REV46.csv,"Exact Hacker News external_id found in frozen REV46 population; associated detection exists but no alert was persisted, consistent with non-alertable criticality."
REV46-CONTRAST-011,Hacker News,https://news.ycombinator.com/item?id=49870848,49870848,2026-09-27T21:07:08Z,2026-09-25T18:48:00Z,2026-09-29T19:31:05.363840Z,si,Cross-tenant vulnerability,security|flaw|customer data,si,si,si,no,723,723,medium,,capturado_detectado_no_alertado,audit/08_campaign_reconciliation/poblacion_campana_REV46.csv,"Exact Hacker News external_id found in frozen REV46 population; associated detection exists but no alert was persisted, consistent with non-alertable criticality."
REV46-CONTRAST-012,Hacker News,https://news.ycombinator.com/item?id=49873005,49873005,2026-09-28T02:50:05Z,2026-09-25T18:48:00Z,2026-09-29T19:31:05.363840Z,si,Security repository availability,security|repository|availability,parcial,si,si,no,825,825,medium,,capturado_detectado_no_alertado,audit/08_campaign_reconciliation/poblacion_campana_REV46.csv,"Exact Hacker News external_id found in frozen REV46 population; associated detection exists but no alert was persisted, consistent with non-alertable criticality."
REV46-CONTRAST-013,Hacker News,https://news.ycombinator.com/item?id=49874737,49874737,2026-09-28T07:34:43Z,2026-09-25T18:48:00Z,2026-09-29T19:31:05.363840Z,si,SSRF vulnerability,security|SSRF|CVE,si,si,si,no,822,822,medium,,capturado_detectado_no_alertado,audit/08_campaign_reconciliation/poblacion_campana_REV46.csv,"Exact Hacker News external_id found in frozen REV46 population; associated detection exists but no alert was persisted, consistent with non-alertable criticality."
REV46-CONTRAST-014,Hacker News,https://news.ycombinator.com/item?id=49875297,49875297,2026-09-28T08:54:26Z,2026-09-25T18:48:00Z,2026-09-29T19:31:05.363840Z,si,API security risk,security|API security,parcial,si,si,si,820,820,high,476,capturado_detectado_alertado,audit/08_campaign_reconciliation/poblacion_campana_REV46.csv,Exact Hacker News external_id found in frozen REV46 population; associated detection and alert exist in REV46 exports.
REV46-CONTRAST-015,Hacker News,https://news.ycombinator.com/item?id=49876188,49876188,2026-09-28T11:07:35Z,2026-09-25T18:48:00Z,2026-09-29T19:31:05.363840Z,si,Security hardening guidance,security|Kubernetes,parcial,si,si,no,819,819,low,,capturado_detectado_no_alertado,audit/08_campaign_reconciliation/poblacion_campana_REV46.csv,"Exact Hacker News external_id found in frozen REV46 population; associated detection exists but no alert was persisted, consistent with non-alertable criticality."
REV46-CONTRAST-016,Hacker News,https://news.ycombinator.com/item?id=49878479,49878479,2026-09-28T14:23:14Z,2026-09-25T18:48:00Z,2026-09-29T19:31:05.363840Z,si,Social engineering technique,security|social engineering,si,si,si,no,813,813,low,,capturado_detectado_no_alertado,audit/08_campaign_reconciliation/poblacion_campana_REV46.csv,"Exact Hacker News external_id found in frozen REV46 population; associated detection exists but no alert was persisted, consistent with non-alertable criticality."
REV46-CONTRAST-017,Hacker News,https://news.ycombinator.com/item?id=49878918,49878918,2026-09-28T14:49:46Z,2026-09-25T18:48:00Z,2026-09-29T19:31:05.363840Z,si,Container security risk,security|container boundary,parcial,si,si,no,812,812,low,,capturado_detectado_no_alertado,audit/08_campaign_reconciliation/poblacion_campana_REV46.csv,"Exact Hacker News external_id found in frozen REV46 population; associated detection exists but no alert was persisted, consistent with non-alertable criticality."
REV46-CONTRAST-018,Hacker News,https://news.ycombinator.com/item?id=49879880,49879880,2026-09-28T15:46:13Z,2026-09-25T18:48:00Z,2026-09-29T19:31:05.363840Z,si,Remote Code Execution,security|RCE|zero-days,si,si,si,si,809,809,critical,474,capturado_detectado_alertado,audit/08_campaign_reconciliation/poblacion_campana_REV46.csv,Exact Hacker News external_id found in frozen REV46 population; associated detection and alert exist in REV46 exports.
REV46-CONTRAST-019,Hacker News,https://news.ycombinator.com/item?id=49886609,49886609,2026-09-29T00:55:47Z,2026-09-25T18:48:00Z,2026-09-29T19:31:05.363840Z,si,Vulnerabilities,security|vulnerabilities,si,si,si,no,1078,1078,medium,,capturado_detectado_no_alertado,audit/08_campaign_reconciliation/poblacion_campana_REV46.csv,"Exact Hacker News external_id found in frozen REV46 population; associated detection exists but no alert was persisted, consistent with non-alertable criticality."
REV46-CONTRAST-020,Hacker News,https://news.ycombinator.com/item?id=49891411,49891411,2026-09-29T11:26:42Z,2026-09-25T18:48:00Z,2026-09-29T19:31:05.363840Z,si,Security update,security|Linux security update,si,si,si,no,1243,1244,low,,capturado_detectado_no_alertado,audit/08_campaign_reconciliation/poblacion_campana_REV46.csv,"Exact Hacker News external_id found in frozen REV46 population; associated detection exists but no alert was persisted, consistent with non-alertable criticality."
