mention_id,detection_id,platform,external_id,collected_at,status_original_window,status_extended_window,incidence_type,observation
6,6,hackernews,49842514,2026-09-25 18:48:08.587333+00,incluido_en_corte_original,incluido_en_ventana_ampliada,none,Within the original and extended campaign windows.
11,11,hackernews,49836935,2026-09-25 18:48:08.587333+00,incluido_en_corte_original,incluido_en_ventana_ampliada,none,Within the original and extended campaign windows.
15,15,hackernews,49835265,2026-09-25 18:48:08.587333+00,incluido_en_corte_original,incluido_en_ventana_ampliada,none,Within the original and extended campaign windows.
17,17,hackernews,49834098,2026-09-25 18:48:08.587333+00,incluido_en_corte_original,incluido_en_ventana_ampliada,none,Within the original and extended campaign windows.
20,20,hackernews,49832880,2026-09-25 18:48:08.587333+00,incluido_en_corte_original,incluido_en_ventana_ampliada,none,Within the original and extended campaign windows.
27,27,hackernews,49829993,2026-09-25 18:48:08.587333+00,incluido_en_corte_original,incluido_en_ventana_ampliada,none,Within the original and extended campaign windows.
35,35,hackernews,49825815,2026-09-25 18:48:08.587333+00,incluido_en_corte_original,incluido_en_ventana_ampliada,none,Within the original and extended campaign windows.
37,37,hackernews,49824978,2026-09-25 18:48:08.587333+00,incluido_en_corte_original,incluido_en_ventana_ampliada,none,Within the original and extended campaign windows.
50,50,hackernews,49814973,2026-09-25 18:48:08.587333+00,incluido_en_corte_original,incluido_en_ventana_ampliada,none,Within the original and extended campaign windows.
51,51,exploit-db,https://www.exploit-db.com/exploits/52682,2026-09-25 18:48:08.587333+00,incluido_en_corte_original,incluido_en_ventana_ampliada,none,Within the original and extended campaign windows.
56,56,exploit-db,https://www.exploit-db.com/exploits/52677,2026-09-25 18:48:08.587333+00,incluido_en_corte_original,incluido_en_ventana_ampliada,none,Within the original and extended campaign windows.
59,59,exploit-db,https://www.exploit-db.com/exploits/52674,2026-09-25 18:48:08.587333+00,incluido_en_corte_original,incluido_en_ventana_ampliada,none,Within the original and extended campaign windows.
74,74,exploit-db,https://www.exploit-db.com/exploits/52659,2026-09-25 18:48:08.587333+00,incluido_en_corte_original,incluido_en_ventana_ampliada,none,Within the original and extended campaign windows.
78,78,exploit-db,https://www.exploit-db.com/exploits/52655,2026-09-25 18:48:08.587333+00,incluido_en_corte_original,incluido_en_ventana_ampliada,none,Within the original and extended campaign windows.
80,80,exploit-db,https://www.exploit-db.com/exploits/52653,2026-09-25 18:48:08.587333+00,incluido_en_corte_original,incluido_en_ventana_ampliada,none,Within the original and extended campaign windows.
86,86,exploit-db,https://www.exploit-db.com/exploits/52647,2026-09-25 18:48:08.587333+00,incluido_en_corte_original,incluido_en_ventana_ampliada,none,Within the original and extended campaign windows.
87,87,exploit-db,https://www.exploit-db.com/exploits/52646,2026-09-25 18:48:08.587333+00,incluido_en_corte_original,incluido_en_ventana_ampliada,none,Within the original and extended campaign windows.
88,88,exploit-db,https://www.exploit-db.com/exploits/52645,2026-09-25 18:48:08.587333+00,incluido_en_corte_original,incluido_en_ventana_ampliada,none,Within the original and extended campaign windows.
89,89,exploit-db,https://www.exploit-db.com/exploits/52644,2026-09-25 18:48:08.587333+00,incluido_en_corte_original,incluido_en_ventana_ampliada,none,Within the original and extended campaign windows.
101,101,github,5587100415,2026-09-25 18:48:08.587333+00,incluido_en_corte_original,incluido_en_ventana_ampliada,none,Within the original and extended campaign windows.
118,118,github,5587095208,2026-09-25 18:48:08.587333+00,incluido_en_corte_original,incluido_en_ventana_ampliada,none,Within the original and extended campaign windows.
120,120,github,5576887787,2026-09-25 18:48:08.587333+00,incluido_en_corte_original,incluido_en_ventana_ampliada,none,Within the original and extended campaign windows.
169,169,github,5587124185,2026-09-25 19:00:59.07526+00,incluido_en_corte_original,incluido_en_ventana_ampliada,none,Within the original and extended campaign windows.
171,171,github,5206025455,2026-09-25 19:00:59.07526+00,incluido_en_corte_original,incluido_en_ventana_ampliada,none,Within the original and extended campaign windows.
173,173,github,5584652829,2026-09-25 19:00:59.07526+00,incluido_en_corte_original,incluido_en_ventana_ampliada,none,Within the original and extended campaign windows.
175,175,github,5558148850,2026-09-25 19:00:59.07526+00,incluido_en_corte_original,incluido_en_ventana_ampliada,none,Within the original and extended campaign windows.
182,182,github,2421315404,2026-09-25 19:00:59.07526+00,incluido_en_corte_original,incluido_en_ventana_ampliada,none,Within the original and extended campaign windows.
187,187,github,5579475947,2026-09-25 19:00:59.07526+00,incluido_en_corte_original,incluido_en_ventana_ampliada,none,Within the original and extended campaign windows.
200,200,github,5413513574,2026-09-25 19:00:59.07526+00,incluido_en_corte_original,incluido_en_ventana_ampliada,none,Within the original and extended campaign windows.
213,213,github,5587383240,2026-09-25 19:15:59.043469+00,incluido_en_corte_original,incluido_en_ventana_ampliada,none,Within the original and extended campaign windows.
218,218,github,4053869077,2026-09-25 19:15:59.043469+00,incluido_en_corte_original,incluido_en_ventana_ampliada,none,Within the original and extended campaign windows.
223,223,github,5440614323,2026-09-25 19:15:59.043469+00,incluido_en_corte_original,incluido_en_ventana_ampliada,none,Within the original and extended campaign windows.
240,240,github,2651758359,2026-09-25 19:15:59.043469+00,incluido_en_corte_original,incluido_en_ventana_ampliada,none,Within the original and extended campaign windows.
250,250,hackernews,49860250,2026-09-27 03:16:00.617564+00,incluido_en_corte_original,incluido_en_ventana_ampliada,none,Within the original and extended campaign windows.
273,273,github,5598245387,2026-09-27 03:16:00.617564+00,incluido_en_corte_original,incluido_en_ventana_ampliada,none,Within the original and extended campaign windows.
278,278,github,5596144323,2026-09-27 03:16:00.617564+00,incluido_en_corte_original,incluido_en_ventana_ampliada,none,Within the original and extended campaign windows.
287,287,github,5548942732,2026-09-27 03:16:00.617564+00,incluido_en_corte_original,incluido_en_ventana_ampliada,none,Within the original and extended campaign windows.
288,288,github,5522073006,2026-09-27 03:16:00.617564+00,incluido_en_corte_original,incluido_en_ventana_ampliada,none,Within the original and extended campaign windows.
289,289,github,5562910605,2026-09-27 03:16:00.617564+00,incluido_en_corte_original,incluido_en_ventana_ampliada,none,Within the original and extended campaign windows.
297,297,github,3399531487,2026-09-27 03:16:00.617564+00,incluido_en_corte_original,incluido_en_ventana_ampliada,none,Within the original and extended campaign windows.
303,303,github,5187694467,2026-09-27 03:16:00.617564+00,incluido_en_corte_original,incluido_en_ventana_ampliada,none,Within the original and extended campaign windows.
305,305,github,5223037760,2026-09-27 03:16:00.617564+00,incluido_en_corte_original,incluido_en_ventana_ampliada,none,Within the original and extended campaign windows.
307,307,github,4713841751,2026-09-27 03:16:00.617564+00,incluido_en_corte_original,incluido_en_ventana_ampliada,none,Within the original and extended campaign windows.
317,317,github,3299449759,2026-09-27 03:30:58.547893+00,incluido_en_corte_original,incluido_en_ventana_ampliada,none,Within the original and extended campaign windows.
326,326,github,5120422530,2026-09-27 03:30:58.547893+00,incluido_en_corte_original,incluido_en_ventana_ampliada,none,Within the original and extended campaign windows.
335,335,github,2559203777,2026-09-27 03:30:58.547893+00,incluido_en_corte_original,incluido_en_ventana_ampliada,none,Within the original and extended campaign windows.
356,356,github,3505213882,2026-09-27 03:45:58.332803+00,incluido_en_corte_original,incluido_en_ventana_ampliada,none,Within the original and extended campaign windows.
376,376,github,5240489301,2026-09-27 03:45:58.332803+00,incluido_en_corte_original,incluido_en_ventana_ampliada,none,Within the original and extended campaign windows.
382,382,github,1242751934,2026-09-27 03:45:58.332803+00,incluido_en_corte_original,incluido_en_ventana_ampliada,none,Within the original and extended campaign windows.
385,385,github,5599410642,2026-09-27 03:45:58.332803+00,incluido_en_corte_original,incluido_en_ventana_ampliada,none,Within the original and extended campaign windows.
387,387,github,4851443095,2026-09-27 03:45:58.332803+00,incluido_en_corte_original,incluido_en_ventana_ampliada,none,Within the original and extended campaign windows.
394,394,github,5207147601,2026-09-27 03:45:58.332803+00,incluido_en_corte_original,incluido_en_ventana_ampliada,none,Within the original and extended campaign windows.
396,396,github,2164681289,2026-09-27 04:00:59.945727+00,incluido_en_corte_original,incluido_en_ventana_ampliada,none,Within the original and extended campaign windows.
398,398,github,5585254852,2026-09-27 04:00:59.945727+00,incluido_en_corte_original,incluido_en_ventana_ampliada,none,Within the original and extended campaign windows.
401,401,github,5599576866,2026-09-27 04:00:59.945727+00,incluido_en_corte_original,incluido_en_ventana_ampliada,none,Within the original and extended campaign windows.
409,409,github,2859905685,2026-09-27 04:00:59.945727+00,incluido_en_corte_original,incluido_en_ventana_ampliada,none,Within the original and extended campaign windows.
413,413,github,5538645202,2026-09-27 04:00:59.945727+00,incluido_en_corte_original,incluido_en_ventana_ampliada,none,Within the original and extended campaign windows.
418,418,github,5599568025,2026-09-27 04:00:59.945727+00,incluido_en_corte_original,incluido_en_ventana_ampliada,none,Within the original and extended campaign windows.
426,426,github,1306877288,2026-09-27 04:00:59.945727+00,incluido_en_corte_original,incluido_en_ventana_ampliada,none,Within the original and extended campaign windows.
438,438,github,1300542151,2026-09-27 04:00:59.945727+00,incluido_en_corte_original,incluido_en_ventana_ampliada,none,Within the original and extended campaign windows.
440,440,hackernews,49864792,2026-09-27 12:45:59.224989+00,incluido_en_corte_original,incluido_en_ventana_ampliada,none,Within the original and extended campaign windows.
441,441,hackernews,49864245,2026-09-27 12:45:59.224989+00,incluido_en_corte_original,incluido_en_ventana_ampliada,none,Within the original and extended campaign windows.
443,443,github,2800491975,2026-09-27 12:45:59.224989+00,incluido_en_corte_original,incluido_en_ventana_ampliada,none,Within the original and extended campaign windows.
446,446,github,5560387302,2026-09-27 12:45:59.224989+00,incluido_en_corte_original,incluido_en_ventana_ampliada,none,Within the original and extended campaign windows.
463,463,github,5601309783,2026-09-27 12:45:59.224989+00,incluido_en_corte_original,incluido_en_ventana_ampliada,none,Within the original and extended campaign windows.
468,468,github,5602717908,2026-09-27 12:45:59.224989+00,incluido_en_corte_original,incluido_en_ventana_ampliada,none,Within the original and extended campaign windows.
471,471,github,5602717565,2026-09-27 12:45:59.224989+00,incluido_en_corte_original,incluido_en_ventana_ampliada,none,Within the original and extended campaign windows.
476,476,github,5602717389,2026-09-27 12:45:59.224989+00,incluido_en_corte_original,incluido_en_ventana_ampliada,none,Within the original and extended campaign windows.
490,490,github,5602819225,2026-09-27 13:00:59.32285+00,incluido_en_corte_original,incluido_en_ventana_ampliada,none,Within the original and extended campaign windows.
503,503,github,5532053740,2026-09-27 13:00:59.32285+00,incluido_en_corte_original,incluido_en_ventana_ampliada,none,Within the original and extended campaign windows.
508,508,github,2825386173,2026-09-27 13:00:59.32285+00,incluido_en_corte_original,incluido_en_ventana_ampliada,none,Within the original and extended campaign windows.
514,514,github,5586370444,2026-09-27 13:00:59.32285+00,incluido_en_corte_original,incluido_en_ventana_ampliada,none,Within the original and extended campaign windows.
520,520,github,3449152863,2026-09-27 13:00:59.32285+00,incluido_en_corte_original,incluido_en_ventana_ampliada,none,Within the original and extended campaign windows.
529,529,github,4977892681,2026-09-27 13:16:01.59847+00,incluido_en_corte_original,incluido_en_ventana_ampliada,none,Within the original and extended campaign windows.
531,531,github,5597987913,2026-09-27 13:16:01.59847+00,incluido_en_corte_original,incluido_en_ventana_ampliada,none,Within the original and extended campaign windows.
533,533,github,5602646232,2026-09-27 13:16:01.59847+00,incluido_en_corte_original,incluido_en_ventana_ampliada,none,Within the original and extended campaign windows.
534,534,github,5597312523,2026-09-27 13:16:01.59847+00,incluido_en_corte_original,incluido_en_ventana_ampliada,none,Within the original and extended campaign windows.
535,535,github,5569604752,2026-09-27 13:16:01.59847+00,incluido_en_corte_original,incluido_en_ventana_ampliada,none,Within the original and extended campaign windows.
558,558,github,1551820659,2026-09-27 13:16:01.59847+00,incluido_en_corte_original,incluido_en_ventana_ampliada,none,Within the original and extended campaign windows.
561,561,github,3681781017,2026-09-27 13:16:01.59847+00,incluido_en_corte_original,incluido_en_ventana_ampliada,none,Within the original and extended campaign windows.
562,562,github,5235460310,2026-09-27 13:16:01.59847+00,incluido_en_corte_original,incluido_en_ventana_ampliada,none,Within the original and extended campaign windows.
566,566,github,5597982246,2026-09-27 13:16:01.59847+00,incluido_en_corte_original,incluido_en_ventana_ampliada,none,Within the original and extended campaign windows.
567,567,github,5347181845,2026-09-27 13:30:59.269011+00,incluido_en_corte_original,incluido_en_ventana_ampliada,none,Within the original and extended campaign windows.
578,578,github,5603018850,2026-09-27 13:30:59.269011+00,incluido_en_corte_original,incluido_en_ventana_ampliada,none,Within the original and extended campaign windows.
606,606,github,5603004954,2026-09-27 13:30:59.269011+00,incluido_en_corte_original,incluido_en_ventana_ampliada,none,Within the original and extended campaign windows.
611,611,github,3670694405,2026-09-27 13:45:58.870216+00,incluido_en_corte_original,incluido_en_ventana_ampliada,none,Within the original and extended campaign windows.
620,620,github,4508666185,2026-09-27 13:45:58.870216+00,incluido_en_corte_original,incluido_en_ventana_ampliada,none,Within the original and extended campaign windows.
624,624,github,5603108202,2026-09-27 13:45:58.870216+00,incluido_en_corte_original,incluido_en_ventana_ampliada,none,Within the original and extended campaign windows.
639,639,github,5317560534,2026-09-27 13:45:58.870216+00,incluido_en_corte_original,incluido_en_ventana_ampliada,none,Within the original and extended campaign windows.
648,648,github,5600251752,2026-09-27 14:01:00.644645+00,incluido_en_corte_original,incluido_en_ventana_ampliada,none,Within the original and extended campaign windows.
652,652,github,5362602643,2026-09-27 14:01:00.644645+00,incluido_en_corte_original,incluido_en_ventana_ampliada,none,Within the original and extended campaign windows.
666,666,github,3901958804,2026-09-27 14:01:00.644645+00,incluido_en_corte_original,incluido_en_ventana_ampliada,none,Within the original and extended campaign windows.
694,694,github,2766828251,2026-09-27 14:11:47.117152+00,incluido_en_corte_original,incluido_en_ventana_ampliada,none,Within the original and extended campaign windows.
700,700,github,3293193085,2026-09-27 14:11:47.117152+00,incluido_en_corte_original,incluido_en_ventana_ampliada,none,Within the original and extended campaign windows.
704,704,github,3439883900,2026-09-27 14:11:47.117152+00,incluido_en_corte_original,incluido_en_ventana_ampliada,none,Within the original and extended campaign windows.
705,705,github,1029653429,2026-09-27 14:11:47.117152+00,incluido_en_corte_original,incluido_en_ventana_ampliada,none,Within the original and extended campaign windows.
710,710,github,5595442202,2026-09-27 14:11:47.117152+00,incluido_en_corte_original,incluido_en_ventana_ampliada,none,Within the original and extended campaign windows.
718,718,github,3572064874,2026-09-27 14:11:47.117152+00,incluido_en_corte_original,incluido_en_ventana_ampliada,none,Within the original and extended campaign windows.
720,720,github,5196506785,2026-09-27 14:11:47.117152+00,incluido_en_corte_original,incluido_en_ventana_ampliada,none,Within the original and extended campaign windows.
743,743,github,4004515787,2026-09-27 21:15:59.357696+00,incluido_en_corte_original,incluido_en_ventana_ampliada,none,Within the original and extended campaign windows.
748,748,github,4774033431,2026-09-27 21:15:59.357696+00,incluido_en_corte_original,incluido_en_ventana_ampliada,none,Within the original and extended campaign windows.
766,766,github,2334369692,2026-09-27 21:30:58.301524+00,incluido_en_corte_original,incluido_en_ventana_ampliada,none,Within the original and extended campaign windows.
768,768,github,5566264327,2026-09-27 21:30:58.301524+00,incluido_en_corte_original,incluido_en_ventana_ampliada,none,Within the original and extended campaign windows.
771,771,github,5606392441,2026-09-27 21:30:58.301524+00,incluido_en_corte_original,incluido_en_ventana_ampliada,none,Within the original and extended campaign windows.
778,778,github,5606437475,2026-09-27 21:30:58.301524+00,incluido_en_corte_original,incluido_en_ventana_ampliada,none,Within the original and extended campaign windows.
787,787,github,5606433249,2026-09-27 21:30:58.301524+00,incluido_en_corte_original,incluido_en_ventana_ampliada,none,Within the original and extended campaign windows.
798,798,github,1244737032,2026-09-27 21:30:58.301524+00,incluido_en_corte_original,incluido_en_ventana_ampliada,none,Within the original and extended campaign windows.
805,805,hackernews,49884626,2026-09-28 22:45:58.80965+00,incluido_en_corte_original,incluido_en_ventana_ampliada,none,Within the original and extended campaign windows.
815,815,hackernews,49877752,2026-09-28 22:45:58.80965+00,incluido_en_corte_original,incluido_en_ventana_ampliada,none,Within the original and extended campaign windows.
817,817,hackernews,49877091,2026-09-28 22:45:58.80965+00,incluido_en_corte_original,incluido_en_ventana_ampliada,none,Within the original and extended campaign windows.
820,820,hackernews,49875297,2026-09-28 22:45:58.80965+00,incluido_en_corte_original,incluido_en_ventana_ampliada,none,Within the original and extended campaign windows.
822,822,hackernews,49874737,2026-09-28 22:45:58.80965+00,incluido_en_corte_original,incluido_en_ventana_ampliada,none,Within the original and extended campaign windows.
823,823,hackernews,49874311,2026-09-28 22:45:58.80965+00,incluido_en_corte_original,incluido_en_ventana_ampliada,none,Within the original and extended campaign windows.
828,828,github,1909758302,2026-09-28 22:45:58.80965+00,incluido_en_corte_original,incluido_en_ventana_ampliada,none,Within the original and extended campaign windows.
829,829,github,1899840414,2026-09-28 22:45:58.80965+00,incluido_en_corte_original,incluido_en_ventana_ampliada,none,Within the original and extended campaign windows.
846,846,github,3646906923,2026-09-28 22:45:58.80965+00,incluido_en_corte_original,incluido_en_ventana_ampliada,none,Within the original and extended campaign windows.
855,855,github,5606296788,2026-09-28 22:45:58.80965+00,incluido_en_corte_original,incluido_en_ventana_ampliada,none,Within the original and extended campaign windows.
856,856,github,1095977658,2026-09-28 22:45:58.80965+00,incluido_en_corte_original,incluido_en_ventana_ampliada,none,Within the original and extended campaign windows.
860,860,github,4473949465,2026-09-28 22:45:58.80965+00,incluido_en_corte_original,incluido_en_ventana_ampliada,none,Within the original and extended campaign windows.
868,868,github,3208648169,2026-09-28 22:45:58.80965+00,incluido_en_corte_original,incluido_en_ventana_ampliada,none,Within the original and extended campaign windows.
870,870,github,5603553816,2026-09-28 22:45:58.80965+00,incluido_en_corte_original,incluido_en_ventana_ampliada,none,Within the original and extended campaign windows.
877,877,github,5384642826,2026-09-28 23:46:05.951097+00,incluido_en_corte_original,incluido_en_ventana_ampliada,none,Within the original and extended campaign windows.
880,880,github,5609338289,2026-09-28 23:46:05.951097+00,incluido_en_corte_original,incluido_en_ventana_ampliada,none,Within the original and extended campaign windows.
884,884,github,1599972700,2026-09-28 23:46:05.951097+00,incluido_en_corte_original,incluido_en_ventana_ampliada,none,Within the original and extended campaign windows.
886,886,github,1400313598,2026-09-28 23:46:05.951097+00,incluido_en_corte_original,incluido_en_ventana_ampliada,none,Within the original and extended campaign windows.
890,890,github,1029538384,2026-09-28 23:46:05.951097+00,incluido_en_corte_original,incluido_en_ventana_ampliada,none,Within the original and extended campaign windows.
912,912,github,982537595,2026-09-28 23:46:05.951097+00,incluido_en_corte_original,incluido_en_ventana_ampliada,none,Within the original and extended campaign windows.
921,921,github,5573944881,2026-09-29 00:01:01.57248+00,incluido_en_corte_original,incluido_en_ventana_ampliada,none,Within the original and extended campaign windows.
927,927,github,4265618823,2026-09-29 00:01:01.57248+00,incluido_en_corte_original,incluido_en_ventana_ampliada,none,Within the original and extended campaign windows.
930,930,github,1029752125,2026-09-29 00:01:01.57248+00,incluido_en_corte_original,incluido_en_ventana_ampliada,none,Within the original and extended campaign windows.
935,935,github,1659781467,2026-09-29 00:01:01.57248+00,incluido_en_corte_original,incluido_en_ventana_ampliada,none,Within the original and extended campaign windows.
939,939,github,4023960906,2026-09-29 00:01:01.57248+00,incluido_en_corte_original,incluido_en_ventana_ampliada,none,Within the original and extended campaign windows.
942,942,github,5622928317,2026-09-29 00:01:01.57248+00,incluido_en_corte_original,incluido_en_ventana_ampliada,none,Within the original and extended campaign windows.
943,943,github,3333893463,2026-09-29 00:01:01.57248+00,incluido_en_corte_original,incluido_en_ventana_ampliada,none,Within the original and extended campaign windows.
945,945,github,4022948036,2026-09-29 00:01:01.57248+00,incluido_en_corte_original,incluido_en_ventana_ampliada,none,Within the original and extended campaign windows.
951,951,github,5622927862,2026-09-29 00:01:01.57248+00,incluido_en_corte_original,incluido_en_ventana_ampliada,none,Within the original and extended campaign windows.
952,952,github,2874026692,2026-09-29 00:01:01.57248+00,incluido_en_corte_original,incluido_en_ventana_ampliada,none,Within the original and extended campaign windows.
956,956,github,5623065238,2026-09-29 00:16:11.975536+00,incluido_en_corte_original,incluido_en_ventana_ampliada,none,Within the original and extended campaign windows.
959,959,github,5623064881,2026-09-29 00:16:11.975536+00,incluido_en_corte_original,incluido_en_ventana_ampliada,none,Within the original and extended campaign windows.
962,962,github,5623064810,2026-09-29 00:16:11.975536+00,incluido_en_corte_original,incluido_en_ventana_ampliada,none,Within the original and extended campaign windows.
983,983,github,1465338970,2026-09-29 00:16:11.975536+00,incluido_en_corte_original,incluido_en_ventana_ampliada,none,Within the original and extended campaign windows.
985,985,github,3801061810,2026-09-29 00:16:11.975536+00,incluido_en_corte_original,incluido_en_ventana_ampliada,none,Within the original and extended campaign windows.
988,988,github,5397063110,2026-09-29 00:16:11.975536+00,incluido_en_corte_original,incluido_en_ventana_ampliada,none,Within the original and extended campaign windows.
1004,1004,github,3285756181,2026-09-29 00:31:15.032696+00,incluido_en_corte_original,incluido_en_ventana_ampliada,none,Within the original and extended campaign windows.
1005,1005,github,5054596220,2026-09-29 00:31:15.032696+00,incluido_en_corte_original,incluido_en_ventana_ampliada,none,Within the original and extended campaign windows.
1006,1006,github,982577504,2026-09-29 00:31:15.032696+00,incluido_en_corte_original,incluido_en_ventana_ampliada,none,Within the original and extended campaign windows.
1013,1013,github,5083419428,2026-09-29 00:31:15.032696+00,incluido_en_corte_original,incluido_en_ventana_ampliada,none,Within the original and extended campaign windows.
1014,1014,github,5623136795,2026-09-29 00:31:15.032696+00,incluido_en_corte_original,incluido_en_ventana_ampliada,none,Within the original and extended campaign windows.
1017,1017,github,1261607883,2026-09-29 00:31:15.032696+00,incluido_en_corte_original,incluido_en_ventana_ampliada,none,Within the original and extended campaign windows.
1020,1020,github,1261607718,2026-09-29 00:31:15.032696+00,incluido_en_corte_original,incluido_en_ventana_ampliada,none,Within the original and extended campaign windows.
1032,1032,github,4492439368,2026-09-29 00:31:15.032696+00,incluido_en_corte_original,incluido_en_ventana_ampliada,none,Within the original and extended campaign windows.
1041,1041,github,1870240134,2026-09-29 00:46:05.624358+00,incluido_en_corte_original,incluido_en_ventana_ampliada,none,Within the original and extended campaign windows.
1046,1046,github,1382961216,2026-09-29 00:46:05.624358+00,incluido_en_corte_original,incluido_en_ventana_ampliada,none,Within the original and extended campaign windows.
1057,1057,github,5623298447,2026-09-29 00:46:05.624358+00,incluido_en_corte_original,incluido_en_ventana_ampliada,none,Within the original and extended campaign windows.
1073,1073,github,1388588657,2026-09-29 00:46:05.624358+00,incluido_en_corte_original,incluido_en_ventana_ampliada,none,Within the original and extended campaign windows.
1077,1077,github,2061110239,2026-09-29 00:46:05.624358+00,incluido_en_corte_original,incluido_en_ventana_ampliada,none,Within the original and extended campaign windows.
1089,1089,github,978704829,2026-09-29 01:01:00.551728+00,incluido_en_corte_original,incluido_en_ventana_ampliada,none,Within the original and extended campaign windows.
1096,1096,github,1354464608,2026-09-29 01:01:00.551728+00,incluido_en_corte_original,incluido_en_ventana_ampliada,none,Within the original and extended campaign windows.
1099,1099,github,3542152091,2026-09-29 01:01:00.551728+00,incluido_en_corte_original,incluido_en_ventana_ampliada,none,Within the original and extended campaign windows.
1102,1102,github,5610897122,2026-09-29 01:01:00.551728+00,incluido_en_corte_original,incluido_en_ventana_ampliada,none,Within the original and extended campaign windows.
1117,1117,github,4897258323,2026-09-29 01:01:00.551728+00,incluido_en_corte_original,incluido_en_ventana_ampliada,none,Within the original and extended campaign windows.
1120,1120,github,2584677277,2026-09-29 01:15:57.672891+00,incluido_en_corte_original,incluido_en_ventana_ampliada,none,Within the original and extended campaign windows.
1121,1121,github,2441127032,2026-09-29 01:15:57.672891+00,incluido_en_corte_original,incluido_en_ventana_ampliada,none,Within the original and extended campaign windows.
1159,1160,github,5607854310,2026-09-29 01:36:58.013436+00,incluido_en_corte_original,incluido_en_ventana_ampliada,none,Within the original and extended campaign windows.
1160,1161,github,3236540341,2026-09-29 01:36:58.013436+00,incluido_en_corte_original,incluido_en_ventana_ampliada,none,Within the original and extended campaign windows.
1163,1164,github,5547855194,2026-09-29 01:36:58.013436+00,incluido_en_corte_original,incluido_en_ventana_ampliada,none,Within the original and extended campaign windows.
1171,1172,github,2164009823,2026-09-29 01:36:58.013436+00,incluido_en_corte_original,incluido_en_ventana_ampliada,none,Within the original and extended campaign windows.
1178,1179,github,5511257362,2026-09-29 01:36:58.013436+00,incluido_en_corte_original,incluido_en_ventana_ampliada,none,Within the original and extended campaign windows.
1183,1184,github,5623209642,2026-09-29 01:36:58.013436+00,incluido_en_corte_original,incluido_en_ventana_ampliada,none,Within the original and extended campaign windows.
1190,1191,github,5514636200,2026-09-29 01:36:58.013436+00,incluido_en_corte_original,incluido_en_ventana_ampliada,none,Within the original and extended campaign windows.
1195,1196,github,5623699692,2026-09-29 01:36:58.013436+00,incluido_en_corte_original,incluido_en_ventana_ampliada,none,Within the original and extended campaign windows.
1208,1209,github,1477203652,2026-09-29 01:45:57.677942+00,incluido_en_corte_original,incluido_en_ventana_ampliada,none,Within the original and extended campaign windows.
1237,1238,github,940420723,2026-09-29 01:45:57.677942+00,incluido_en_corte_original,incluido_en_ventana_ampliada,none,Within the original and extended campaign windows.
1243,1244,hackernews,49891411,2026-09-29 14:45:58.949203+00,incluido_en_corte_original,incluido_en_ventana_ampliada,none,Within the original and extended campaign windows.
1256,1257,github,5631981204,2026-09-29 14:45:58.949203+00,incluido_en_corte_original,incluido_en_ventana_ampliada,none,Within the original and extended campaign windows.
1260,1261,github,2159585319,2026-09-29 14:45:58.949203+00,incluido_en_corte_original,incluido_en_ventana_ampliada,none,Within the original and extended campaign windows.
1268,1269,github,2159584816,2026-09-29 14:45:58.949203+00,incluido_en_corte_original,incluido_en_ventana_ampliada,none,Within the original and extended campaign windows.
1271,1272,github,5563593959,2026-09-29 14:45:58.949203+00,incluido_en_corte_original,incluido_en_ventana_ampliada,none,Within the original and extended campaign windows.
1281,1282,github,2539973751,2026-09-29 14:45:58.949203+00,incluido_en_corte_original,incluido_en_ventana_ampliada,none,Within the original and extended campaign windows.
1287,1288,github,5632368931,2026-09-29 14:45:58.949203+00,incluido_en_corte_original,incluido_en_ventana_ampliada,none,Within the original and extended campaign windows.
1288,1289,github,5607557689,2026-09-29 14:45:58.949203+00,incluido_en_corte_original,incluido_en_ventana_ampliada,none,Within the original and extended campaign windows.
1294,1295,github,4893773851,2026-09-29 14:45:58.949203+00,incluido_en_corte_original,incluido_en_ventana_ampliada,none,Within the original and extended campaign windows.
1295,1296,github,5631975170,2026-09-29 14:45:58.949203+00,incluido_en_corte_original,incluido_en_ventana_ampliada,none,Within the original and extended campaign windows.
1297,1298,github,2329873539,2026-09-29 15:01:02.293444+00,incluido_en_corte_original,incluido_en_ventana_ampliada,none,Within the original and extended campaign windows.
1299,1300,github,1257900006,2026-09-29 15:01:02.293444+00,incluido_en_corte_original,incluido_en_ventana_ampliada,none,Within the original and extended campaign windows.
1304,1305,github,2915971587,2026-09-29 15:01:02.293444+00,incluido_en_corte_original,incluido_en_ventana_ampliada,none,Within the original and extended campaign windows.
1318,1319,github,5621871061,2026-09-29 15:01:02.293444+00,incluido_en_corte_original,incluido_en_ventana_ampliada,none,Within the original and extended campaign windows.
1325,1326,github,5588256781,2026-09-29 15:01:02.293444+00,incluido_en_corte_original,incluido_en_ventana_ampliada,none,Within the original and extended campaign windows.
1330,1331,github,5508303700,2026-09-29 15:01:02.293444+00,incluido_en_corte_original,incluido_en_ventana_ampliada,none,Within the original and extended campaign windows.
1364,1365,github,5625950111,2026-09-29 15:15:59.062686+00,fuera_del_corte_original,incluido_en_ventana_ampliada,after_original_cutoff,Outside the original cutoff but valid under the extended campaign window.
1431,1432,github,2556049319,2026-09-29 15:46:00.093216+00,fuera_del_corte_original,incluido_en_ventana_ampliada,after_original_cutoff,Outside the original cutoff but valid under the extended campaign window.
1600,1601,github,1852060791,2026-09-29 16:45:58.563828+00,fuera_del_corte_original,incluido_en_ventana_ampliada,after_original_cutoff,Outside the original cutoff but valid under the extended campaign window.
1644,1645,github,5463173613,2026-09-29 17:01:00.769442+00,fuera_del_corte_original,incluido_en_ventana_ampliada,after_original_cutoff,Outside the original cutoff but valid under the extended campaign window.
1693,1694,github,4640049606,2026-09-29 17:15:58.075183+00,fuera_del_corte_original,incluido_en_ventana_ampliada,after_original_cutoff,Outside the original cutoff but valid under the extended campaign window.
1752,1753,github,5628527966,2026-09-29 17:30:57.954876+00,fuera_del_corte_original,incluido_en_ventana_ampliada,after_original_cutoff,Outside the original cutoff but valid under the extended campaign window.
1768,1769,github,1626951279,2026-09-29 17:45:58.146905+00,fuera_del_corte_original,incluido_en_ventana_ampliada,after_original_cutoff,Outside the original cutoff but valid under the extended campaign window.
1769,1770,github,1031011603,2026-09-29 17:45:58.146905+00,fuera_del_corte_original,incluido_en_ventana_ampliada,after_original_cutoff,Outside the original cutoff but valid under the extended campaign window.
1995,1996,github,1101205701,2026-09-29 19:00:58.520816+00,fuera_del_corte_original,incluido_en_ventana_ampliada,after_original_cutoff,Outside the original cutoff but valid under the extended campaign window.
2009,2010,github,4633865178,2026-09-29 19:00:58.520816+00,fuera_del_corte_original,incluido_en_ventana_ampliada,after_original_cutoff,Outside the original cutoff but valid under the extended campaign window.
2071,2072,github,3932231058,2026-09-29 19:30:59.095008+00,fuera_del_corte_original,incluido_en_ventana_ampliada,after_original_cutoff,Outside the original cutoff but valid under the extended campaign window.
