log_id,execution_uuid,workflow_name,execution_id,status,mentions_collected,mentions_processed,detections_generated,alerts_generated,started_at,completed_at,duration_seconds
1,e46b2dba-bc89-40ff-a39d-431a5410d6cf,OSINT Monitor Multi-Platform,1,success,150,150,150,63,2026-09-25 18:48:17.268+00,2026-09-25 18:48:17.309172+00,0
2,755d2b47-ea33-45b1-a8bb-dea687cd2a50,OSINT Monitor Multi-Platform,2,success,150,50,50,36,2026-09-25 19:01:05.301+00,2026-09-25 19:01:05.313719+00,0
3,e835ff94-28b8-432f-b56f-246bceed27f1,OSINT Monitor Multi-Platform,3,success,150,46,46,32,2026-09-25 19:16:05.169+00,2026-09-25 19:16:05.202609+00,0
4,54571e4a-281e-4a93-98d4-de361e64c95e,OSINT Monitor Multi-Platform,4,success,150,65,65,22,2026-09-27 03:16:08.209+00,2026-09-27 03:16:08.259999+00,0
5,b055a09d-f504-48c6-86f0-a73e3bc536ac,OSINT Monitor Multi-Platform,5,success,150,42,42,28,2026-09-27 03:31:05.58+00,2026-09-27 03:31:05.598246+00,0
6,52d43a93-d145-4561-bce3-b908635cb8cb,OSINT Monitor Multi-Platform,6,success,150,42,42,27,2026-09-27 03:46:13.528+00,2026-09-27 03:46:13.57315+00,0
7,3bed0778-408d-4d36-92c7-a5e004501de1,OSINT Monitor Multi-Platform,7,success,150,43,43,34,2026-09-27 04:01:05.689+00,2026-09-27 04:01:05.776148+00,0
8,f63f2108-72e4-4f82-8685-6ecde2fb32e4,OSINT Monitor Multi-Platform,8,success,150,49,49,34,2026-09-27 12:46:05.256+00,2026-09-27 12:46:05.293782+00,0
9,a9474bdd-6071-4e89-843b-1c9621c35578,OSINT Monitor Multi-Platform,9,success,150,40,40,27,2026-09-27 13:01:04.21+00,2026-09-27 13:01:04.229965+00,0
10,57d338b5-d0e4-47ae-869b-f65ac0ae2d2e,OSINT Monitor Multi-Platform,10,success,150,39,39,23,2026-09-27 13:16:07.698+00,2026-09-27 13:16:07.710674+00,0
11,96c92fb3-7ca0-4700-8913-9a8819d75eeb,OSINT Monitor Multi-Platform,11,success,150,41,41,31,2026-09-27 13:31:05.432+00,2026-09-27 13:31:05.446941+00,0
12,019dcb4f-2c96-45b0-ad95-7c8ad22a3afc,OSINT Monitor Multi-Platform,12,success,150,40,40,27,2026-09-27 13:46:04.024+00,2026-09-27 13:46:04.037526+00,0
13,c19682da-c2cd-4ff6-8607-e36b29b345ff,OSINT Monitor Multi-Platform,13,success,150,40,40,28,2026-09-27 14:01:10.732+00,2026-09-27 14:01:10.746984+00,0
14,45381d0a-ae9c-4239-949e-c3719005921d,OSINT Monitor Multi-Platform,14,success,150,35,35,21,2026-09-27 14:11:52.609+00,2026-09-27 14:11:52.625421+00,0
15,aea700a9-f4e0-4439-9e08-f98496399cef,OSINT Monitor Multi-Platform,15,success,150,43,43,23,2026-09-27 21:16:13.618+00,2026-09-27 21:16:13.690865+00,0
16,e2f8d1f2-ff15-47d3-a437-395f398fe228,OSINT Monitor Multi-Platform,16,success,148,39,39,17,2026-09-27 21:31:03.103+00,2026-09-27 21:31:03.118945+00,0
17,4cac5c95-b45f-480e-8a1c-e421a4df4a0e,OSINT Monitor Multi-Platform,17,success,150,69,69,33,2026-09-28 22:46:05.866+00,2026-09-28 22:46:05.896542+00,0
18,e5834d50-54ce-4af0-a59c-57dd87ef74dd,OSINT Monitor Multi-Platform,18,success,150,40,40,28,2026-09-28 23:46:20.488+00,2026-09-28 23:46:20.559651+00,0
19,64acdf15-7f62-42a1-982f-7a984c714d3c,OSINT Monitor Multi-Platform,19,success,150,42,42,27,2026-09-29 00:01:07.842+00,2026-09-29 00:01:07.867484+00,0
20,b1c6a049-422f-4fb7-ac8c-6864ef684f0a,OSINT Monitor Multi-Platform,20,success,150,37,37,32,2026-09-29 00:16:17.258+00,2026-09-29 00:16:17.270232+00,0
21,dbbebd60-adad-4b1b-bf89-85531aef1424,OSINT Monitor Multi-Platform,21,success,150,40,40,30,2026-09-29 00:31:24.691+00,2026-09-29 00:31:24.723226+00,0
22,1fbd003d-2e8e-4032-a58d-e2e58a242cbd,OSINT Monitor Multi-Platform,22,success,150,45,45,31,2026-09-29 00:46:14.82+00,2026-09-29 00:46:14.844917+00,0
23,b2209067-ef0e-45b9-9051-b46dd5e64103,OSINT Monitor Multi-Platform,23,success,150,41,41,27,2026-09-29 01:01:08.622+00,2026-09-29 01:01:08.665995+00,0
24,6103c1a6-4000-4fab-a189-466c758e55e6,OSINT Monitor Multi-Platform,24,success,150,39,39,25,2026-09-29 01:16:05.322+00,2026-09-29 01:16:05.343549+00,0
25,f0a78eba-3157-4a81-980b-457a504e0f4a,OSINT Monitor Multi-Platform,25,success,150,35,35,23,2026-09-29 01:31:18.353+00,2026-09-29 01:31:18.369256+00,0
26,90083ac1-5f43-4809-a40e-7e5553df3a64,OSINT Monitor Multi-Platform,26,success,150,41,41,36,2026-09-29 01:37:07.389+00,2026-09-29 01:37:07.405204+00,0
27,3e9b3537-23c4-47a1-9a14-f71d6c8e5e38,OSINT Monitor Multi-Platform,27,success,150,42,42,28,2026-09-29 01:46:14.195+00,2026-09-29 01:46:14.218258+00,0
28,9168e925-e9db-4603-820a-c901bbff5bee,OSINT Monitor Multi-Platform,28,success,150,55,55,41,2026-09-29 14:46:15.261+00,2026-09-29 14:46:15.324276+00,0
29,8c451d82-e228-4324-a39e-15d939b0f9de,OSINT Monitor Multi-Platform,29,success,150,44,44,32,2026-09-29 15:01:09.638+00,2026-09-29 15:01:09.653599+00,0
